Name;Email;PhoneNumber;Address;
Jordan Rush;phasellus.at@yahoo.net;(033) 23262716;P.O. Box 590, 4887 Mauris Rd.;
Camden Pollard;convallis.erat@icloud.ca;(067) 23644217;654 Lobortis Road;
Uriah Fuller;semper.tellus.id@protonmail.couk;(01178) 0922774;P.O. Box 293, 9977 Id Rd.;
Rose Wagner;sed.malesuada@google.com;(0437) 51115252;777-640 Mollis Rd.;
Aidan Schroeder;sociis.natoque.penatibus@hotmail.org;(037155) 724085;838-6267 A, Street;
Whitney Gates;semper.pretium@outlook.couk;(031056) 243057;P.O. Box 202, 938 Fusce Street;
Nita Barrett;nascetur.ridiculus@icloud.edu;(0286) 88150842;P.O. Box 753, 7512 Magna Street;
Kristen Ford;dapibus.rutrum@outlook.ca;(033808) 186969;8246 Faucibus St.;
Darius Ellis;pede@hotmail.ca;(028) 95174906;Ap #435-3874 Odio, Road;
