Name,Age,Location,Email,PhoneNumber
John,25,New York,john@example.com,555-1234
Jane,30,San Francisco,jane@example.com,555-5678
Doe,22,Los Angeles,doe@example.com,555-9876
Alice,28,Chicago,alice@example.com,555-4321
Bob,35,Houston,bob@example.com,555-8765
Chris,40,Seattle,chris@example.com,555-3456
Eve,23,Miami,eve@example.com,555-6543
Frank,33,Dallas,frank@example.com,555-2345
Grace,29,Atlanta,grace@example.com,555-7890
Hannah,27,Boston,hannah@example.com,555-6789
Ian,31,Denver,ian@example.com,555-5670
Jack,24,Phoenix,jack@example.com,555-8901
